DateTime,Stamp,Open,High,Low,Close,Volume
06/02/2018 15:00,1517929200,5673,6185,5819.43,5960,246.3859763
06/02/2018 16:00,1517932800,5553.27,6060.16,5960,5749.99,201.2325403
06/02/2018 17:00,1517936400,5342.38,5750,5750,5627.68,149.0114033
06/02/2018 18:00,1517940000,5620.2,5819.41,5628.71,5815.17,151.0310748
06/02/2018 19:00,1517943600,5812.34,6222,5815.18,6167.9,185.6308664
06/02/2018 20:00,1517947200,6050,6399,6159.83,6088.81,225.9573267
06/02/2018 21:00,1517950800,6084.89,6500,6093.21,6381,226.193959
06/02/2018 22:00,1517954400,6100,6385.63,6381,6205.51,146.9708705
06/02/2018 23:00,1517958000,6120.73,6362.49,6205.51,6230.01,121.9516138
07/02/2018 00:00,1517961600,6017,6300,6230.01,6109.91,105.4498074
07/02/2018 01:00,1517965200,6080.58,6227.37,6109.9,6152.68,34.61656096
07/02/2018 02:00,1517968800,5880,6230,6152.68,5935.9,38.79919225
07/02/2018 03:00,1517972400,5828.57,5991.5,5947.27,5896.3,32.07382022
07/02/2018 04:00,1517976000,5829.88,6104,5894.11,6061.59,33.66958493
07/02/2018 05:00,1517979600,5950,6124.58,6061.58,6037.86,44.35629011
07/02/2018 06:00,1517983200,5909.19,6073.21,6040,6073.21,48.48936728
07/02/2018 07:00,1517986800,6000,6352.4,6076.98,6305.11,149.9256607
07/02/2018 08:00,1517990400,6207.99,6380,6305.11,6245.04,148.7320521
07/02/2018 09:00,1517994000,6245.03,6562.14,6245.04,6538.05,192.0183259
07/02/2018 10:00,1517997600,6486,6890,6538.05,6850.01,230.8395304
07/02/2018 11:00,1518001200,6605.62,6955,6834.35,6820.82,200.7762585
07/02/2018 12:00,1518004800,6668.02,6980,6820.82,6949.42,136.0178026
07/02/2018 13:00,1518008400,6860.02,7148.99,6944,6883.12,240.8383192
07/02/2018 14:00,1518012000,6594.99,6997.12,6883.12,6781.3,163.7502205
07/02/2018 15:00,1518015600,6607,6905,6782,6757.29,124.1380921
07/02/2018 16:00,1518019200,6501,6800,6757.29,6541.6,151.1439276
07/02/2018 17:00,1518022800,6541.6,6920.81,6541.61,6879.99,134.5130055
07/02/2018 18:00,1518026400,6801,6989,6879.9,6803.98,100.0247231
07/02/2018 19:00,1518030000,6630.66,6803.89,6801,6729.01,82.82250497
07/02/2018 20:00,1518033600,6587.04,6767.52,6729.01,6689.73,109.1003421
07/02/2018 21:00,1518037200,6603,6801.83,6720,6647.81,74.48048529
07/02/2018 22:00,1518040800,6321.83,6645.9,6645.9,6399.01,132.1627724
07/02/2018 23:00,1518044400,6151,6399.01,6399,6167.28,141.3582518
08/02/2018 00:00,1518048000,6167.28,6450,6167.28,6284.51,84.93459244
08/02/2018 01:00,1518051600,6189.58,6499,6284.52,6424.91,58.24204788
08/02/2018 02:00,1518055200,6424.91,6648.16,6424.91,6555.77,56.53952696
08/02/2018 03:00,1518058800,6415.86,6610,6555.86,6550.02,20.15052169
08/02/2018 04:00,1518062400,6522.85,6700,6550,6690.57,31.5586035
08/02/2018 05:00,1518066000,6550,6700,6690.57,6566.39,31.26716043
08/02/2018 06:00,1518069600,6325.92,6593.13,6566.39,6550,51.03311559
08/02/2018 07:00,1518073200,6524.36,6850,6550,6840.74,77.12164073
08/02/2018 08:00,1518076800,6704.42,6884.65,6837.43,6794,101.0827058
08/02/2018 09:00,1518080400,6715.02,6841.08,6794,6841.08,87.74923963
08/02/2018 10:00,1518084000,6809.99,7089.88,6841.08,7021.86,142.858974
08/02/2018 11:00,1518087600,6918.59,7050,7021.86,6995.72,88.92898064
08/02/2018 12:00,1518091200,6862.14,7124.21,6995.72,7087.17,112.8048199
08/02/2018 13:00,1518094800,6936.32,7099.19,7081.99,6936.32,80.63413317
08/02/2018 14:00,1518098400,6855,6972.04,6938.5,6932,108.3769855
08/02/2018 15:00,1518102000,6756.57,6940.58,6931.99,6790.01,81.33685934
08/02/2018 16:00,1518105600,6695,6855.28,6790,6823.15,90.60469584
08/02/2018 17:00,1518109200,6667,6812.44,6811.56,6691.8,89.91140422
08/02/2018 18:00,1518112800,6580,6770.59,6674.5,6727.31,77.60859695
08/02/2018 19:00,1518116400,6714.61,6947,6727.32,6880.14,119.802657
08/02/2018 20:00,1518120000,6786.17,6883.84,6880.14,6792.11,60.49033239
08/02/2018 21:00,1518123600,6701,6856.79,6792.11,6740,76.2993588
08/02/2018 22:00,1518127200,6688,6843.99,6740.01,6756.97,88.30862279
08/02/2018 23:00,1518130800,6710.11,6798.35,6756.98,6768.09,59.6516859
09/02/2018 00:00,1518134400,6510,6772.7,6768.1,6529.97,79.32149995
09/02/2018 01:00,1518138000,6408.54,6580,6536.94,6558.55,85.19728557
09/02/2018 02:00,1518141600,6530.54,6690,6554.85,6656.12,37.22493524
09/02/2018 03:00,1518145200,6525,6670.77,6656.13,6634.32,19.89957552
09/02/2018 04:00,1518148800,6446.92,6637.35,6637.34,6480.19,31.22481774
09/02/2018 05:00,1518152400,6400,6496.1,6479.67,6488.01,56.0839218
09/02/2018 06:00,1518156000,6450,6585.76,6488.01,6570.01,61.13328288
09/02/2018 07:00,1518159600,6558.38,6660,6570.01,6585.76,85.97782453
09/02/2018 08:00,1518163200,6456.99,6625.99,6591,6610.11,75.74920571
09/02/2018 09:00,1518166800,6594.1,6836,6605,6772.21,100.6659509
09/02/2018 10:00,1518170400,6689.92,6839.41,6772.21,6741.2,50.55313377
09/02/2018 11:00,1518174000,6725,6845,6741.2,6797,51.69193803
09/02/2018 12:00,1518177600,6744,6797.01,6797.01,6749.5,56.42870152
09/02/2018 13:00,1518181200,6744,6791.85,6749.5,6770,42.5203209
09/02/2018 14:00,1518184800,6769.99,6920,6770,6857.65,98.75768512
09/02/2018 15:00,1518188400,6801,6898.1,6857.65,6827.44,56.79476568
09/02/2018 16:00,1518192000,6819,6889,6826.76,6855.22,47.56891035
09/02/2018 17:00,1518195600,6860.99,7090,6861,7047.1,152.850754
09/02/2018 18:00,1518199200,7004.83,7150,7047.1,7038.93,108.3966168
09/02/2018 19:00,1518202800,7038.92,7125,7040,7072,75.35851106
09/02/2018 20:00,1518206400,6956.49,7138,7067,6960.1,86.35310215
09/02/2018 21:00,1518210000,6910.69,7046.26,6969.99,7012.03,71.18356372
09/02/2018 22:00,1518213600,6921,7021.01,7012.02,7005.94,46.86400668
09/02/2018 23:00,1518217200,7005.94,7119.7,7005.94,7087.76,46.7157076
10/02/2018 00:00,1518220800,7034.8,7278.88,7087.76,7270.9,90.42056537
10/02/2018 01:00,1518224400,7180,7300,7270.89,7205,75.15192514
10/02/2018 02:00,1518228000,7180,7307,7205.01,7280,35.11559247
10/02/2018 03:00,1518231600,7240.02,7328,7280,7269.62,27.31090965
10/02/2018 04:00,1518235200,7150.96,7285.5,7269.62,7207.79,25.3443847
10/02/2018 05:00,1518238800,7200.29,7297.47,7209.4,7264.9,19.60983384
10/02/2018 06:00,1518242400,7251.18,7394.28,7264.9,7394.28,56.94425269
10/02/2018 07:00,1518246000,7334,7442.85,7394.28,7389,115.0702721
10/02/2018 08:00,1518249600,7129.99,7389.01,7389.01,7162.22,118.499806
10/02/2018 09:00,1518253200,7127,7257,7162.22,7127.9,97.49174554
10/02/2018 10:00,1518256800,7050,7174.17,7138.79,7050,70.00904274
10/02/2018 11:00,1518260400,7038.32,7160,7066.1,7143.24,51.07889632
10/02/2018 12:00,1518264000,7050,7149,7143.24,7100.14,46.59941576
10/02/2018 13:00,1518267600,7100.13,7200,7100.14,7179.49,60.49377349
10/02/2018 14:00,1518271200,7074.43,7229.71,7176.04,7084.46,50.18396292
10/02/2018 15:00,1518274800,6840,7104.84,7080.5,6873.07,87.56745262
10/02/2018 16:00,1518278400,6802,6973.84,6873.07,6843.19,81.23430015
10/02/2018 17:00,1518282000,6841.02,6997.91,6855.93,6966,56.60897496
10/02/2018 18:00,1518285600,6850.88,6966.01,6966.01,6850.89,46.90043312
10/02/2018 19:00,1518289200,6810,6929.91,6850.88,6924.95,47.34140067
10/02/2018 20:00,1518292800,6735.27,6924.95,6924.94,6748.29,52.12288114
10/02/2018 21:00,1518296400,6700,6832.26,6747.41,6772.96,63.36505098
10/02/2018 22:00,1518300000,6772.95,7050.57,6772.96,7030.01,85.64711569
10/02/2018 23:00,1518303600,6970,7046,7030.01,7020,32.8490116
11/02/2018 00:00,1518307200,6853.03,7020,7020,6896,46.23228307
11/02/2018 01:00,1518310800,6716.97,6894.13,6894.12,6816.1,33.68966753
11/02/2018 02:00,1518314400,6751.55,6824.13,6815.1,6773.56,12.00233836
11/02/2018 03:00,1518318000,6616,6773.56,6773.56,6648.1,66.01811695
11/02/2018 04:00,1518321600,6601,6734.06,6648.1,6602.51,27.61309108
11/02/2018 05:00,1518325200,6600,6710.02,6602.51,6700,26.40554347
11/02/2018 06:00,1518328800,6567.45,6697.2,6697.2,6644.97,39.81311262
11/02/2018 07:00,1518332400,6510,6643.29,6641.38,6519.99,46.03967187
11/02/2018 08:00,1518336000,6430,6528.98,6517.63,6522.26,86.01574269
11/02/2018 09:00,1518339600,6430,6699.82,6522.26,6685.59,84.96382557
11/02/2018 10:00,1518343200,6544.91,6699.7,6685.59,6600,45.72065182
11/02/2018 11:00,1518346800,6517.51,6710,6583.05,6709.8,72.6398879
11/02/2018 12:00,1518350400,6665,6865.73,6709.79,6787.46,81.99657323
11/02/2018 13:00,1518354000,6752,6856.1,6787.46,6811.7,49.99133885
11/02/2018 14:00,1518357600,6767.02,6938.88,6811.7,6938.87,64.82448379
11/02/2018 15:00,1518361200,6845.27,6939.2,6938.88,6899.08,34.25684695
11/02/2018 16:00,1518364800,6771.1,6934.97,6899.87,6812.26,56.58911403
11/02/2018 17:00,1518368400,6692.03,6850,6812.26,6700,41.21209635
11/02/2018 18:00,1518372000,6694.95,6813.31,6700,6813.31,44.18424734
11/02/2018 19:00,1518375600,6760,6879.16,6813.31,6799.25,35.99048003
11/02/2018 20:00,1518379200,6708.98,6802.54,6799.26,6743,27.1771825
11/02/2018 21:00,1518382800,6725,6827.88,6737.76,6787.94,26.66374443
11/02/2018 22:00,1518386400,6763.3,6823.1,6800.57,6797.89,19.60797917
11/02/2018 23:00,1518390000,6601,6797.89,6797.89,6629.98,63.07457364
12/02/2018 00:00,1518393600,6612,6773,6626.38,6706.74,37.25930141
12/02/2018 01:00,1518397200,6662.46,6850,6706.75,6802.85,28.66328361
12/02/2018 02:00,1518400800,6759.52,6930,6804.49,6930,28.38958334
12/02/2018 03:00,1518404400,6840.02,6931,6927.56,6877.26,18.10266493
12/02/2018 04:00,1518408000,6876.09,6933,6876.09,6903.49,9.54404338
12/02/2018 05:00,1518411600,6803.65,6912.21,6906.7,6825.69,14.77423195
12/02/2018 06:00,1518415200,6825.69,6899.99,6825.7,6867.48,11.78286874
12/02/2018 07:00,1518418800,6842.03,6946.5,6867.48,6918.86,39.64804516
12/02/2018 08:00,1518422400,6918.85,7155.72,6918.86,7131.77,96.97595727
12/02/2018 09:00,1518426000,7095,7170,7131.86,7166.12,62.23187314
12/02/2018 10:00,1518429600,7133.61,7194,7166.11,7187.89,84.88722511
12/02/2018 11:00,1518433200,7025.11,7190,7188,7046.03,88.82287193
12/02/2018 12:00,1518436800,7046.02,7159.9,7046.02,7133.57,50.26725811
12/02/2018 13:00,1518440400,7050,7150,7133.58,7094.65,45.17639966
12/02/2018 14:00,1518444000,6984.92,7102.8,7094.66,7005,62.84222025
12/02/2018 15:00,1518447600,7005,7099,7005,7081.5,41.25397231
12/02/2018 16:00,1518451200,7060.02,7136.13,7081.5,7100,44.44962005
12/02/2018 17:00,1518454800,7060,7150,7099.97,7147.55,41.59877051
12/02/2018 18:00,1518458400,7059.8,7147.55,7147.54,7073.3,45.8369991
12/02/2018 19:00,1518462000,7070.58,7151,7080.95,7150.99,57.85756524
12/02/2018 20:00,1518465600,7127.82,7213.09,7151,7200,103.9577098
12/02/2018 21:00,1518469200,7160,7210,7200,7184.99,52.23387561
12/02/2018 22:00,1518472800,7125,7200,7184.98,7200,36.90410659
12/02/2018 23:00,1518476400,7162.68,7290,7200,7202.59,75.64305608
13/02/2018 00:00,1518480000,7171.75,7250,7208.48,7220,24.65306986
13/02/2018 01:00,1518483600,7131,7229,7221.99,7131,21.63013958
13/02/2018 02:00,1518487200,7086.18,7131.01,7131.01,7115.42,17.24544337
13/02/2018 03:00,1518490800,7100.91,7163.7,7115.42,7150.95,10.88794867
13/02/2018 04:00,1518494400,7015,7159,7151.66,7015.06,28.52992474
13/02/2018 05:00,1518498000,7015.05,7055.9,7015.06,7055.01,30.20998148
13/02/2018 06:00,1518501600,7031.01,7140,7055.01,7140,37.99702934
13/02/2018 07:00,1518505200,7094,7168.78,7138.87,7100.03,44.82890116
13/02/2018 08:00,1518508800,6930.85,7102.26,7100,6988,105.2074405
13/02/2018 09:00,1518512400,6850,7010,6988,6907.49,95.38620787
13/02/2018 10:00,1518516000,6828.5,7000,6907.45,6969.48,58.87551016
13/02/2018 11:00,1518519600,6892.94,6999.98,6969.48,6965.01,43.81095155
13/02/2018 12:00,1518523200,6916,7000,6965,7000,42.05051694
13/02/2018 13:00,1518526800,6975.01,7100,7000,7042.13,49.52867267
13/02/2018 14:00,1518530400,7010.62,7086.87,7042.13,7045,48.37924443
13/02/2018 15:00,1518534000,6928.84,7045.01,7045,6936.02,63.22312568
13/02/2018 16:00,1518537600,6931,6986,6931,6971,54.18409385
13/02/2018 17:00,1518541200,6965.77,7028.54,6971,7025.43,31.28197162
13/02/2018 18:00,1518544800,6990,7049.99,7025.43,6990,33.9940745
13/02/2018 19:00,1518548400,6982.5,7023.97,7011.74,7019.79,27.44427237
13/02/2018 20:00,1518552000,7019.78,7089.9,7019.79,7075.04,60.43656809
13/02/2018 21:00,1518555600,6968.88,7075.23,7075.23,6968.89,43.33232186
13/02/2018 22:00,1518559200,6912.18,6988.71,6968.89,6974.62,33.21341153
13/02/2018 23:00,1518562800,6920,6975,6975,6955.09,25.10621038
14/02/2018 00:00,1518566400,6952,7018.99,6952.01,6995,15.52622637
14/02/2018 01:00,1518570000,6900.5,7025.51,6995,6969.52,30.2251985
14/02/2018 02:00,1518573600,6969.52,7030,6969.52,7007.78,18.84133477
14/02/2018 03:00,1518577200,6996.24,7036.5,7004.51,7025.32,16.11100892
14/02/2018 04:00,1518580800,7025.32,7100,7025.32,7090.12,29.27743626
14/02/2018 05:00,1518584400,7072.51,7124,7090.11,7120.07,27.64364513
14/02/2018 06:00,1518588000,7100,7143,7120.08,7100.36,37.44476363
14/02/2018 07:00,1518591600,7100.36,7199,7100.37,7194.31,39.88565981
14/02/2018 08:00,1518595200,7158.84,7200,7194.31,7180.62,53.02410773
14/02/2018 09:00,1518598800,7127.61,7190,7180.78,7140,32.63103736
14/02/2018 10:00,1518602400,7134.15,7184,7140.5,7134.16,42.37276172
14/02/2018 11:00,1518606000,7132,7272.72,7134.15,7269.6,70.59280523
14/02/2018 12:00,1518609600,7260.13,7499,7269.7,7450.03,213.5030406
14/02/2018 13:00,1518613200,7422.46,7594.8,7450.03,7525.01,176.3134636
14/02/2018 14:00,1518616800,7410.15,7525.01,7525.01,7447.29,103.2997683
14/02/2018 15:00,1518620400,7445.54,7567,7447.29,7566.99,84.36338728
14/02/2018 16:00,1518624000,7490,7575,7567,7530.01,83.79037124
14/02/2018 17:00,1518627600,7467.5,7540,7530,7517.75,63.439087
14/02/2018 18:00,1518631200,7500,7566,7517.74,7523.21,69.48625405
14/02/2018 19:00,1518634800,7450,7523.21,7523.21,7452.43,70.378842
14/02/2018 20:00,1518638400,7451.99,7521,7452.43,7488.72,49.91525453
14/02/2018 21:00,1518642000,7456,7529.8,7488.73,7514.6,59.04000693
14/02/2018 22:00,1518645600,7475.01,7621.88,7514.61,7621.87,101.4652676
14/02/2018 23:00,1518649200,7614.36,7687.09,7623.04,7661.21,87.84858799
15/02/2018 00:00,1518652800,7559,7661.21,7661.21,7559,49.25300755
15/02/2018 01:00,1518656400,7559,7614.71,7559.01,7581.08,15.54340359
15/02/2018 02:00,1518660000,7581.07,7791,7581.08,7766.01,35.05125472
15/02/2018 03:00,1518663600,7745.25,7810,7766.01,7773.6,52.16316061
15/02/2018 04:00,1518667200,7765.86,7876.94,7780.69,7874.48,44.57187252
15/02/2018 05:00,1518670800,7808.58,7880,7874.48,7865.03,64.63424019
15/02/2018 06:00,1518674400,7850,7905,7865.02,7880.01,103.6489071
15/02/2018 07:00,1518678000,7870,7980,7880.01,7976.59,126.9268466
15/02/2018 08:00,1518681600,7950,7988,7976.59,7975.01,152.927958
15/02/2018 09:00,1518685200,7651.8,8083.59,7975,7825.16,175.0374967
15/02/2018 10:00,1518688800,7616.09,7900,7824.97,7833.31,178.7164936
15/02/2018 11:00,1518692400,7750.99,7921.27,7833.31,7799,108.3244646
15/02/2018 12:00,1518696000,7791.05,7899,7799,7860,73.48891298
15/02/2018 13:00,1518699600,7777,7861.32,7860,7820,61.81793699
15/02/2018 14:00,1518703200,7812.7,7960.49,7820,7957.3,86.7789221
15/02/2018 16:00,1518706800,7904.75,7969,7957.29,7939.8,61.62601818
15/02/2018 17:00,1518710400,7904,7980.85,7939.8,7980.49,56.36701064
15/02/2018 18:00,1518714000,7938.3,8170,7980.5,8157.44,159.4128243
15/02/2018 19:00,1518717600,8060.01,8276,8160,8136.68,193.2438181
15/02/2018 20:00,1518721200,8125,8220,8136.68,8190.02,112.4069637
15/02/2018 21:00,1518724800,8081.42,8209,8190.02,8168.77,113.5128118
15/02/2018 22:00,1518728400,7950,8167.37,8167.37,7971.89,89.13464757
15/02/2018 23:00,1518732000,7960.8,8171.41,7971.87,8120.64,81.97565521
16/02/2018 00:00,1518735600,8101,8171.41,8120.65,8107.93,41.51972152
16/02/2018 01:00,1518739200,8100,8217.6,8103.81,8217.39,41.22270935
16/02/2018 02:00,1518742800,8175.02,8221,8217.39,8221,23.83045207
16/02/2018 03:00,1518746400,8181,8236,8221.59,8181.01,22.36408673
16/02/2018 04:00,1518750000,8115.08,8199.98,8181.01,8135.08,29.63266052
16/02/2018 05:00,1518753600,8030.01,8135.09,8135.09,8051.2,37.66714044
16/02/2018 06:00,1518757200,8048.2,8163.23,8051.2,8132.25,32.6153633
16/02/2018 07:00,1518760800,7971,8159.99,8132.25,7971,42.66700739
16/02/2018 08:00,1518764400,7900,8020.85,7971.01,7904,106.8276759
16/02/2018 09:00,1518768000,7851,8051.48,7904,8010.88,79.99886622
16/02/2018 10:00,1518771600,7975.47,8029.99,8009.88,7980.01,61.61798093
16/02/2018 11:00,1518775200,7912.14,7984.21,7980,7930,57.48286875
16/02/2018 12:00,1518778800,7860,7935.44,7930.01,7924.77,70.76982709
16/02/2018 13:00,1518782400,7904.4,7965.5,7924,7960.78,65.96619157
16/02/2018 14:00,1518786000,7952.29,8025,7960.79,7961.88,65.62073318
16/02/2018 15:00,1518789600,7961.88,8145,7961.88,8110.01,70.6812235
16/02/2018 16:00,1518793200,8109.12,8150,8110.01,8109.12,55.73410778
16/02/2018 17:00,1518796800,8102,8189,8108.73,8145.02,50.68324993
16/02/2018 18:00,1518800400,8120.5,8160.5,8145.02,8126.95,48.05511043
16/02/2018 19:00,1518804000,8004,8126.95,8126.95,8049,70.24686459
16/02/2018 20:00,1518807600,8037.2,8126.18,8049,8124.4,35.84226181
16/02/2018 21:00,1518811200,8073.8,8124.4,8124.39,8099.67,25.96350389
16/02/2018 22:00,1518814800,8099.99,8149,8100,8141,34.18653847
16/02/2018 23:00,1518818400,8124.88,8200,8141,8200,48.85236832
17/02/2018 00:00,1518822000,8191.27,8230.1,8200,8216.09,43.04039734
17/02/2018 01:00,1518825600,8138.1,8230.1,8216.1,8219.63,27.66071215
17/02/2018 02:00,1518829200,8219.46,8319.86,8219.48,8319,43.92682004
17/02/2018 03:00,1518832800,8320,8443,8320,8379.64,55.38759058
17/02/2018 04:00,1518836400,8382.15,8449,8382.15,8449,18.76695843
17/02/2018 05:00,1518840000,8448.99,8500,8448.99,8500,33.32032789
17/02/2018 06:00,1518843600,8448.68,8544.5,8500,8526.44,28.4772276
17/02/2018 07:00,1518847200,8526.43,8715.37,8526.44,8715.36,74.37685917
17/02/2018 08:00,1518850800,8601.45,8715.37,8715.37,8712.02,88.67743451
17/02/2018 09:00,1518854400,8700,8845,8712.11,8786.07,139.8843331
17/02/2018 10:00,1518858000,8630.47,8839,8786.07,8666.21,102.3445072
17/02/2018 11:00,1518861600,8628.19,8762,8679.76,8674.39,101.4644671
17/02/2018 12:00,1518865200,8674.4,8781.3,8674.4,8760.01,61.64815281
17/02/2018 13:00,1518868800,8756,8836,8760.01,8806.16,66.88138612
17/02/2018 14:00,1518872400,8705.04,8824.25,8806.16,8735.39,63.43246816
17/02/2018 15:00,1518876000,8615,8735.89,8735.39,8684.13,77.36713329
17/02/2018 16:00,1518879600,8659.85,8740.2,8684.13,8732.99,37.38887304
17/02/2018 17:00,1518883200,8725,8795.69,8733,8776.85,47.86893747
17/02/2018 18:00,1518886800,8750,8789.99,8776.84,8761.42,35.97947905
17/02/2018 19:00,1518890400,8730,8771.57,8761.42,8767.52,33.65035976
17/02/2018 20:00,1518894000,8709.1,8769.94,8769,8727.65,29.00593529
17/02/2018 21:00,1518897600,8686.63,8769.27,8727.65,8769,38.12987058
17/02/2018 22:00,1518901200,8760,8780.01,8769.01,8780,27.22613911
17/02/2018 23:00,1518904800,8729.25,8899.95,8780.01,8894.99,67.2443185
18/02/2018 00:00,1518908400,8890,9074,8894.99,9014,102.4359783
18/02/2018 01:00,1518912000,8951.35,9038.25,9023.94,9035,36.4657046
18/02/2018 02:00,1518915600,9035,9199,9038.99,9176.42,93.83007075
18/02/2018 03:00,1518919200,9080,9177.81,9176.42,9080,29.55709029
18/02/2018 04:00,1518922800,8806.67,9084.76,9080.01,8811.31,33.57266966
18/02/2018 05:00,1518926400,8807.49,8944.98,8828.74,8935.71,29.23738552
18/02/2018 06:00,1518930000,8501,8935.72,8935.72,8510.67,58.20813786
18/02/2018 07:00,1518933600,8473.1,8718.45,8522.18,8485.46,62.24676047
18/02/2018 08:00,1518937200,8485.45,8711,8485.45,8667.79,62.0125382
18/02/2018 09:00,1518940800,8410,8667,8667,8410.86,67.34622441
18/02/2018 10:00,1518944400,8196.57,8499.95,8410.9,8203.5,136.0415241
18/02/2018 11:00,1518948000,8201.7,8643,8205,8630.06,146.5146705
18/02/2018 12:00,1518951600,8550,8699.98,8630.05,8657.01,99.87029686
18/02/2018 13:00,1518955200,8501,8657.01,8657.01,8618.93,58.91520878
18/02/2018 14:00,1518958800,8555,8799.98,8618.92,8709.94,91.08046277
18/02/2018 15:00,1518962400,8680.93,8785.32,8709.95,8750.01,37.77248988
18/02/2018 16:00,1518966000,8664.66,8849.98,8750.01,8700.21,63.28441791
18/02/2018 17:00,1518969600,8522.01,8740,8703.64,8584.02,64.12736674
18/02/2018 18:00,1518973200,8597.9,8741.87,8597.91,8738.17,34.65319069
18/02/2018 19:00,1518976800,8618,8740,8738.17,8739.56,47.39263007
18/02/2018 20:00,1518980400,8687.42,8795,8739.55,8770.51,57.3122062
18/02/2018 21:00,1518984000,8720.89,8789.14,8770.5,8749.58,40.8699837
18/02/2018 22:00,1518987600,8616.2,8749.47,8749.47,8714,38.1608275
18/02/2018 23:00,1518991200,8554.5,8714,8713.99,8587.76,37.37361554
19/02/2018 00:00,1518994800,8403,8587.77,8587.77,8442.07,65.52510891
19/02/2018 01:00,1518998400,8403.13,8498,8442.06,8453.37,36.75671145
19/02/2018 02:00,1519002000,8449.2,8600,8453.38,8600,25.16654232
19/02/2018 03:00,1519005600,8465,8613,8610,8566.32,9.90414695
19/02/2018 04:00,1519009200,8528.01,8619.17,8566.31,8555.58,14.27475875
19/02/2018 05:00,1519012800,8538.61,8599.96,8566.14,8575.99,6.68214525
19/02/2018 06:00,1519016400,8470,8575.99,8575.99,8513,22.25327781
19/02/2018 07:00,1519020000,8502.85,8559.66,8513,8540.19,14.18592447
19/02/2018 08:00,1519023600,8540.19,8800,8540.2,8780,67.47925045
19/02/2018 09:00,1519027200,8705.04,8790.1,8780,8776.99,50.97296468
19/02/2018 10:00,1519030800,8712.11,8888,8777,8868.44,78.20950254
19/02/2018 11:00,1519034400,8865.01,8968,8868.44,8869.52,88.41123366
19/02/2018 12:00,1519038000,8817.75,8914.8,8869.52,8881.62,49.98422778
19/02/2018 13:00,1519041600,8801,8924.4,8881.62,8826.45,69.91564551
19/02/2018 14:00,1519045200,8811.99,8855,8821.14,8849.99,51.15811105
19/02/2018 15:00,1519048800,8849.97,8909.61,8849.97,8893,44.78180103
19/02/2018 16:00,1519052400,8892.99,9037.13,8893,9011.45,111.9232005
19/02/2018 17:00,1519056000,8952,9092,9011.46,8970,87.39053473
19/02/2018 18:00,1519059600,8819,8971.95,8970.01,8862.28,82.77357083
19/02/2018 19:00,1519063200,8866.9,9018.01,8866.91,9017.99,51.84869461
19/02/2018 20:00,1519066800,8965.89,9056.63,9018,9023.99,61.75953653
19/02/2018 21:00,1519070400,8965.01,9063.7,9024,9063.7,58.39107848
19/02/2018 22:00,1519074000,8930.92,9065,9064.91,8995.52,85.85807726
19/02/2018 23:00,1519077600,8965,9030,8994.59,8993.79,38.32491877
20/02/2018 00:00,1519081200,8984,9040.99,8993.79,9030.85,28.53921555
20/02/2018 01:00,1519084800,9025.64,9174.99,9036.97,9174.97,96.26623813
20/02/2018 02:00,1519088400,9160.1,9225,9174.99,9225,62.91119219
20/02/2018 03:00,1519092000,9151.8,9249.5,9225,9175,33.61221631
20/02/2018 04:00,1519095600,9134.99,9242.08,9175,9205.47,14.78786343
20/02/2018 05:00,1519099200,9180,9244.38,9205.47,9204.83,27.52677509
20/02/2018 06:00,1519102800,9175,9233.15,9204.84,9223.88,28.53992893
20/02/2018 07:00,1519106400,9223.87,9340,9223.87,9331.86,67.30489116
20/02/2018 08:00,1519110000,9330.65,9459,9330.65,9414.08,100.8814785
20/02/2018 09:00,1519113600,9216.78,9420,9414.07,9270.01,131.4737603
20/02/2018 10:00,1519117200,9111,9270.01,9270,9259.18,136.067933
20/02/2018 11:00,1519120800,9201.12,9300.7,9258.47,9294.29,103.3896106
20/02/2018 12:00,1519124400,9250,9344,9294.3,9328.06,62.15168868
20/02/2018 13:00,1519128000,9328.05,9380,9328.06,9333.33,63.47717903
20/02/2018 14:00,1519131600,9311.26,9427.18,9331.24,9396.13,64.31044773
20/02/2018 15:00,1519135200,9342,9423.49,9396.15,9385.01,67.54941683
20/02/2018 16:00,1519138800,9306.2,9385.01,9385,9380,82.89593518
20/02/2018 17:00,1519142400,9379.99,9441,9380,9421.01,83.31152187
20/02/2018 18:00,1519146000,9421,9543.42,9421.01,9533.03,98.61505094
20/02/2018 19:00,1519149600,9460.1,9570,9533.02,9516.01,92.93985658
20/02/2018 20:00,1519153200,9415.85,9535,9517.55,9501,93.75924713
20/02/2018 21:00,1519156800,9475.01,9547.5,9501,9546.5,60.01317239
20/02/2018 22:00,1519160400,9504,9550.94,9546.5,9530,74.61879885
20/02/2018 23:00,1519164000,9175.55,9573.79,9530,9315.47,112.5096316
21/02/2018 00:00,1519167600,9026.01,9360,9342.13,9150.6,139.7770354
21/02/2018 01:00,1519171200,8830,9150.6,9150.6,9030.69,128.8984341
21/02/2018 02:00,1519174800,8993.97,9221.45,9030.68,9111.21,65.38205055
21/02/2018 03:00,1519178400,8910,9106.91,9098.44,9009.84,35.06182844
21/02/2018 04:00,1519182000,8900.26,9108.06,9009.83,8912.81,29.0566708
21/02/2018 05:00,1519185600,8778.99,8952,8912.81,8805.3,49.22998981
21/02/2018 06:00,1519189200,8763.01,8945.72,8805.31,8855.01,48.74463563
21/02/2018 07:00,1519192800,8801.13,9095,8855.01,9095,72.15762697
21/02/2018 08:00,1519196400,9030.68,9166.89,9095,9150.17,88.68687281
21/02/2018 09:00,1519200000,8966.51,9150.17,9150.17,9039.79,79.99800752
21/02/2018 10:00,1519203600,8981.74,9159.14,9040,9157.86,93.90134457
21/02/2018 11:00,1519207200,8888,9159,9158.85,8974.88,74.71094163
21/02/2018 12:00,1519210800,8921.65,9057.5,8974.88,8955,46.57138486
21/02/2018 13:00,1519214400,8954,9030,8955,9027.39,43.3312054
21/02/2018 14:00,1519218000,8715.5,9098,9027.76,8746.57,95.68393669
21/02/2018 15:00,1519221600,8464.97,8770.89,8746.57,8675.4,203.8637055
21/02/2018 16:00,1519225200,8471.07,8721.69,8673.64,8600.01,112.2644879
21/02/2018 17:00,1519228800,8430.36,8643.48,8600,8518.8,115.0525418
21/02/2018 18:00,1519232400,8451.21,8559.68,8500.78,8559.64,79.5931027
21/02/2018 19:00,1519236000,8559.63,8717.24,8559.64,8580,119.022822
21/02/2018 20:00,1519239600,8416,8580.01,8580.01,8441.45,81.65187143
21/02/2018 21:00,1519243200,8300,8525.57,8441.46,8419,127.8628984
21/02/2018 22:00,1519246800,8330,8447.99,8418.99,8349.99,67.6188225
21/02/2018 23:00,1519250400,8306.63,8524.3,8349.98,8512.71,72.89188728
22/02/2018 00:00,1519254000,8462.01,8600,8512.71,8520.68,47.85861412
22/02/2018 01:00,1519257600,8425.88,8560.25,8520.68,8560.25,31.38022975
22/02/2018 02:00,1519261200,8540.23,8687.45,8560.24,8687.45,28.10967114
22/02/2018 03:00,1519264800,8648.8,8810,8687.45,8795.71,31.0371898
22/02/2018 04:00,1519268400,8722.75,8800.3,8795.7,8734.42,23.69419765
22/02/2018 05:00,1519272000,8659.53,8766.1,8754.8,8735.5,21.40273273
22/02/2018 06:00,1519275600,8735.52,8883.76,8735.52,8841,47.70224816
22/02/2018 07:00,1519279200,8844,8950,8844.9,8916.31,50.61742111
22/02/2018 08:00,1519282800,8624.37,8940.77,8916.31,8687.6,69.64261894
22/02/2018 09:00,1519286400,8505.23,8736.01,8687.59,8507.01,50.85826214
22/02/2018 10:00,1519290000,8430,8663.47,8507.01,8450,62.20935267
22/02/2018 11:00,1519293600,8220,8511.58,8450.01,8257.85,115.8972044
22/02/2018 12:00,1519297200,8257.85,8420,8257.86,8364.38,115.9390297
22/02/2018 13:00,1519300800,8010,8423.16,8364.38,8070.67,138.0065308
22/02/2018 14:00,1519304400,7890.08,8110,8070.67,7968.18,173.3323583
22/02/2018 15:00,1519308000,7880,8110.9,7968.18,7991,160.0057621
22/02/2018 16:00,1519311600,7990.99,8261.34,7990.99,8159.99,125.4257719
22/02/2018 17:00,1519315200,8016.26,8200,8159.97,8033.64,71.14474005
22/02/2018 18:00,1519318800,7875,8051.66,8034.77,7960,110.1879099
22/02/2018 19:00,1519322400,7921.64,8050,7960,8019.9,61.53546819
22/02/2018 20:00,1519326000,7999.08,8145,8010.11,8140.87,54.02148108
22/02/2018 21:00,1519329600,8100,8190,8140.87,8190,70.12914972
22/02/2018 22:00,1519333200,8000.01,8247,8190,8063.8,82.3655764
22/02/2018 23:00,1519336800,7952.39,8094.75,8063.97,8040,45.85934241
23/02/2018 00:00,1519340400,7960,8050,8040,7974.03,30.49414887
23/02/2018 01:00,1519344000,7811.01,7974.03,7974.03,7867.47,53.5290226
23/02/2018 02:00,1519347600,7777,7900,7866.48,7875.63,35.30221975
23/02/2018 03:00,1519351200,7851,7916.79,7879.27,7882.2,45.11179682
23/02/2018 04:00,1519354800,7845,7945,7883.4,7945,19.09471934
23/02/2018 05:00,1519358400,7944.99,8049,7944.99,8012.01,18.8189126
23/02/2018 06:00,1519362000,7950,8095.7,8012.01,7961.98,28.56819442
23/02/2018 07:00,1519365600,7851.18,7975,7965.25,7975,38.90014738
23/02/2018 08:00,1519369200,7966.57,8054.26,7980.46,8033,32.04671041
23/02/2018 09:00,1519372800,8045,8130.1,8045.2,8085.61,60.14767479
23/02/2018 10:00,1519376400,8085.61,8314.5,8085.61,8283.47,90.17567226
23/02/2018 11:00,1519380000,8107.4,8321.36,8283.47,8200.86,94.26741174
23/02/2018 12:00,1519383600,8153.7,8375.61,8200.86,8360,84.23759448
23/02/2018 13:00,1519387200,8251.32,8398.14,8360,8351.19,95.64722521
23/02/2018 14:00,1519390800,8298.43,8376.33,8351.19,8326.7,61.47726065
23/02/2018 15:00,1519394400,8326.71,8540,8326.71,8430,154.1235914
23/02/2018 16:00,1519398000,8353.42,8470.9,8430,8453.31,65.73121916
23/02/2018 17:00,1519401600,8195,8453.31,8453.31,8206.36,89.05697652
23/02/2018 18:00,1519405200,8190,8271.34,8206.36,8246,41.22448785
23/02/2018 19:00,1519408800,8245.99,8349,8246,8329.97,44.77279374
23/02/2018 20:00,1519412400,8185,8342,8329.96,8193.49,25.95973832
23/02/2018 21:00,1519416000,8055.04,8201.15,8193.48,8147.53,52.18827704
23/02/2018 22:00,1519419600,8081.71,8167.25,8140.41,8081.9,30.25925598
23/02/2018 23:00,1519423200,8072.2,8238.91,8085.36,8238.91,39.9102678
24/02/2018 00:00,1519426800,8231,8316.9,8239.91,8292.05,35.18340384
24/02/2018 01:00,1519430400,8269.92,8417.24,8292,8409.99,40.04122901
24/02/2018 02:00,1519434000,8350.3,8420,8410,8418.28,17.11997056
24/02/2018 03:00,1519437600,8419.71,8495,8420,8477.66,19.32436053
24/02/2018 04:00,1519441200,8367.32,8477.66,8477.66,8467,20.57499723
24/02/2018 05:00,1519444800,8435.37,8510,8467,8437.14,19.48839384
24/02/2018 06:00,1519448400,8422.55,8504.99,8437.13,8504.99,13.48273599
24/02/2018 07:00,1519452000,8260,8510,8504.99,8306.8,34.98232203
24/02/2018 08:00,1519455600,8142.86,8306.79,8306.79,8286.01,53.13774024
24/02/2018 09:00,1519459200,8190,8286,8286,8224.22,35.07690077
24/02/2018 10:00,1519462800,8224.22,8319.1,8224.23,8235.11,24.68710628
24/02/2018 11:00,1519466400,7979.09,8235.11,8235.11,8015,105.9766172
24/02/2018 12:00,1519470000,7951,8074.99,8015,8049,70.41813805
24/02/2018 13:00,1519473600,7970,8050,8049,8027.83,55.77932563
24/02/2018 14:00,1519477200,7864.59,8027.83,8027.83,7900.13,87.89121939
24/02/2018 15:00,1519480800,7864.6,8019.9,7900.13,7982.01,46.29404573
24/02/2018 16:00,1519484400,7941.34,8049.99,7982.01,7979.96,35.59386325
24/02/2018 17:00,1519488000,7901,8020,7979.96,7999.99,42.05379664
24/02/2018 18:00,1519491600,7901,7999.99,7999.98,7912.7,35.72103718
24/02/2018 19:00,1519495200,7809.93,7962.49,7912.51,7809.93,37.86067219
24/02/2018 20:00,1519498800,7800.2,7886.66,7809.87,7820,39.44775147
24/02/2018 21:00,1519502400,7636,7820,7820,7652.33,101.5532566
24/02/2018 22:00,1519506000,7652.33,7768,7652.33,7758,55.43046982
24/02/2018 23:00,1519509600,7730.06,7938.99,7758.01,7848.88,67.53565846
25/02/2018 00:00,1519513200,7848.88,7946.53,7848.88,7909,35.77756121
25/02/2018 01:00,1519516800,7808.17,7909,7909,7893.3,21.73154807
25/02/2018 02:00,1519520400,7881.57,7973.51,7893.31,7973.51,16.73322787
25/02/2018 03:00,1519524000,7831.5,7976.48,7975.8,7848.51,8.87085748
25/02/2018 04:00,1519527600,7760.05,7848.51,7848.51,7829.26,9.13918012
25/02/2018 05:00,1519531200,7803.23,7955.39,7829.26,7927.53,6.86362322
25/02/2018 06:00,1519534800,7868.71,7951.7,7927.52,7940.64,11.58288853
25/02/2018 07:00,1519538400,7940.64,8032,7940.65,7975,18.99176344
25/02/2018 08:00,1519542000,7936.14,8050,7974.99,7948.53,21.3673797
25/02/2018 09:00,1519545600,7810,7993.33,7948.53,7844.34,23.27672777
25/02/2018 10:00,1519549200,7784.98,7877.82,7844.24,7831.99,27.49527852
25/02/2018 11:00,1519552800,7822.69,7919.9,7831.99,7911,35.46098701
25/02/2018 12:00,1519556400,7852.02,7950,7900,7880.93,42.27060423
25/02/2018 13:00,1519560000,7772.67,7918.49,7880.94,7801.06,32.28088759
25/02/2018 14:00,1519563600,7706.31,7833.39,7801.06,7749.65,38.13051196
25/02/2018 15:00,1519567200,7706.31,7785.5,7749.65,7706.32,49.43425028
25/02/2018 16:00,1519570800,7601,7706.32,7706.31,7680.32,92.05804406
25/02/2018 17:00,1519574400,7629.54,7724.04,7680.33,7669.68,58.90419143
25/02/2018 18:00,1519578000,7646.46,7711,7669.68,7673.41,28.71359109
25/02/2018 19:00,1519581600,7610.64,7727,7673,7705.77,52.64057265
25/02/2018 20:00,1519585200,7670.03,7792.21,7705.77,7728.92,47.72522048
25/02/2018 21:00,1519588800,7728.92,7871.8,7728.93,7850,47.95045283
25/02/2018 22:00,1519592400,7806.71,7887.5,7850.01,7847.01,44.44135582
25/02/2018 23:00,1519596000,7800.1,7926.98,7847.01,7923.78,32.07785018
26/02/2018 00:00,1519599600,7812.34,7923.79,7923.79,7819,25.98018234
26/02/2018 01:00,1519603200,7790.01,7863.55,7819,7810.77,26.62281105
26/02/2018 02:00,1519606800,7810.76,7916.03,7810.77,7916.03,11.54461283
26/02/2018 03:00,1519610400,7859.5,7942.37,7916.02,7920.7,15.35232563
26/02/2018 04:00,1519614000,7818.51,7920.7,7920.7,7839.5,8.70577357
26/02/2018 05:00,1519617600,7811.81,7866.74,7843.71,7865,5.06611688
26/02/2018 06:00,1519621200,7815.68,7887.88,7868.03,7815.7,15.92007799
26/02/2018 07:00,1519624800,7661,7815.7,7815.69,7666.78,15.85021173
26/02/2018 08:00,1519628400,7662.58,7739.21,7666.77,7724.9,49.20297644
26/02/2018 09:00,1519632000,7667.64,7724.9,7724.9,7697,39.15165775
26/02/2018 10:00,1519635600,7693.9,7781.16,7699.1,7735.4,46.03847297
26/02/2018 11:00,1519639200,7729.67,7890,7729.67,7889.18,54.45155973
26/02/2018 12:00,1519642800,7858.6,7956.85,7888.1,7945,64.32279715
26/02/2018 13:00,1519646400,7861.77,7999,7944.9,7998.99,61.4694943
26/02/2018 14:00,1519650000,7998.99,8350,7999,8241.13,211.9710931
26/02/2018 15:00,1519653600,8227,8428.4,8247.79,8301.29,134.1869193
26/02/2018 16:00,1519657200,8250.98,8406.06,8300.29,8400.46,66.31526003
26/02/2018 17:00,1519660800,8270,8481.01,8400.47,8319,97.56605171
26/02/2018 18:00,1519664400,8275.6,8337.8,8313.86,8305,48.92545308
26/02/2018 19:00,1519668000,8300.11,8389.9,8305.01,8324,42.59986948
26/02/2018 20:00,1519671600,8326.99,8388.8,8327,8334.75,39.69553831
26/02/2018 21:00,1519675200,8273.45,8358.83,8334.74,8358.83,69.08857939
26/02/2018 22:00,1519678800,8322.34,8499,8369,8432.8,95.56509696
26/02/2018 23:00,1519682400,8391,8484,8432.8,8435.25,45.18534745
27/02/2018 00:00,1519686000,8330,8448.54,8435.24,8379.99,33.6992715
27/02/2018 01:00,1519689600,8370.82,8435,8380,8417.43,11.47817687
27/02/2018 02:00,1519693200,8219,8417.43,8417.43,8285.74,14.76617245
27/02/2018 03:00,1519696800,8242.48,8314.45,8285.75,8283.7,6.87494525
27/02/2018 04:00,1519700400,8283.7,8387.51,8283.7,8355.7,6.84456712
27/02/2018 05:00,1519704000,8355.71,8407.98,8355.71,8386.28,4.44599807
27/02/2018 06:00,1519707600,8311.22,8406.57,8386.29,8384.81,8.77430004
27/02/2018 07:00,1519711200,8340.26,8429.98,8390.8,8386.44,18.52335714
27/02/2018 08:00,1519714800,8386.44,8668.01,8386.45,8610.67,78.40152708
27/02/2018 09:00,1519718400,8610.67,8747,8610.67,8707.85,116.5246006
27/02/2018 10:00,1519722000,8703.6,8769,8707.86,8748,88.25894196
27/02/2018 11:00,1519725600,8624.48,8749.29,8747.99,8666.78,77.97146013
27/02/2018 12:00,1519729200,8626.48,8735,8666.77,8704.35,55.81719716
27/02/2018 13:00,1519732800,8675,8748,8703.69,8690.01,48.01588069
27/02/2018 14:00,1519736400,8687.3,8835.68,8690.01,8824.92,69.35808224
27/02/2018 15:00,1519740000,8676.66,8825,8824.91,8693.87,72.19630181
27/02/2018 16:00,1519743600,8530,8700,8693.91,8633.66,104.0814233
27/02/2018 17:00,1519747200,8633.65,8700,8633.66,8694.5,52.42038164
27/02/2018 18:00,1519750800,8645,8694.51,8694.51,8650,49.6314483
27/02/2018 19:00,1519754400,8650,8710,8650,8704.8,36.96454735
27/02/2018 20:00,1519758000,8704.8,8790,8704.8,8763.01,48.31461058
27/02/2018 21:00,1519761600,8700,8780,8763.01,8744.99,41.66445947
27/02/2018 22:00,1519765200,8724.34,8794.8,8744.99,8775.09,43.61769365
27/02/2018 23:00,1519768800,8755,8797,8775.09,8781.99,53.64335648
28/02/2018 00:00,1519772400,8601.34,8782,8782,8611,34.26443917
28/02/2018 01:00,1519776000,8609.92,8734.68,8611,8702.87,20.33233857
28/02/2018 02:00,1519779600,8702.86,8742.57,8702.86,8742,7.83673564
28/02/2018 03:00,1519783200,8738.34,8783.99,8741.99,8750.25,9.77554226
28/02/2018 04:00,1519786800,8740,8898.8,8750.25,8872.75,30.34659781
28/02/2018 05:00,1519790400,8872.74,8948.62,8872.75,8904.71,24.45004575
28/02/2018 06:00,1519794000,8904.6,8949.64,8904.7,8944.71,16.81951081
28/02/2018 07:00,1519797600,8856.3,9041.13,8944.72,8871.49,87.81490922
28/02/2018 08:00,1519801200,8737.28,8890,8871.5,8817.52,76.00375287
28/02/2018 09:00,1519804800,8524,8876.34,8817.52,8571.12,67.23860073
28/02/2018 10:00,1519808400,8570,8737,8584.8,8684.01,88.94737207
28/02/2018 11:00,1519812000,8603,8707,8684,8658.03,48.73400978
28/02/2018 12:00,1519815600,8612.01,8707,8658.02,8668.19,34.88780866
28/02/2018 13:00,1519819200,8510.01,8684,8662.5,8520,64.91862156
28/02/2018 14:00,1519822800,8501.66,8597.5,8519.99,8591.01,54.98675469
28/02/2018 15:00,1519826400,8557.29,8664.09,8583.6,8634.95,57.7983906
28/02/2018 16:00,1519830000,8595.9,8676.99,8634.94,8629.99,41.93226345
28/02/2018 17:00,1519833600,8540.1,8650,8629.99,8545,40.9536614
28/02/2018 18:00,1519837200,8507.5,8600.98,8545,8560.79,36.29314281
28/02/2018 19:00,1519840800,8560.78,8656.61,8560.78,8602.39,38.28015965
28/02/2018 20:00,1519844400,8594.5,8643.99,8602.39,8643.98,35.11421069
28/02/2018 21:00,1519848000,8643.99,8763.07,8643.99,8753.64,56.89577635
28/02/2018 22:00,1519851600,8674.86,8787,8753.65,8685.9,52.77204622
28/02/2018 23:00,1519855200,8557.29,8691.76,8685.9,8564.5,42.8225698
01/03/2018 00:00,1519858800,8429.99,8597.01,8559.01,8469.99,65.33439443
01/03/2018 01:00,1519862400,8412.47,8544.03,8470,8544.03,40.76455613
01/03/2018 02:00,1519866000,8459.71,8544.03,8544.03,8539.6,10.57486117
01/03/2018 03:00,1519869600,8459.28,8565.01,8542.49,8459.29,10.80249631
01/03/2018 04:00,1519873200,8449.44,8494.2,8459.29,8483.87,12.06282527
01/03/2018 05:00,1519876800,8483.87,8580,8483.87,8553.32,12.94182916
01/03/2018 06:00,1519880400,8507.23,8570.34,8554.18,8549.19,13.64537277
01/03/2018 07:00,1519884000,8500,8549.18,8549.18,8519.99,23.87481566
01/03/2018 08:00,1519887600,8520,8664,8520,8658.99,34.91525458
01/03/2018 09:00,1519891200,8658.98,8727.7,8658.99,8706.97,53.10069805
01/03/2018 10:00,1519894800,8660.53,8706.97,8706.96,8681.01,35.27415623
01/03/2018 11:00,1519898400,8678.78,8789.59,8681.02,8789.58,54.95134732
01/03/2018 12:00,1519902000,8724,8790,8789.58,8728.42,42.68726012
01/03/2018 13:00,1519905600,8708.2,8770,8728.43,8708.2,42.20787737
01/03/2018 14:00,1519909200,8711.95,8838.4,8711.95,8820.01,57.53482143
01/03/2018 15:00,1519912800,8800,8839,8820,8826.27,41.86369718
01/03/2018 16:00,1519916400,8750,8826.27,8826.27,8797,43.14494078
01/03/2018 17:00,1519920000,8772.1,8810.73,8797,8785.14,26.63231042
01/03/2018 18:00,1519923600,8762.7,8860,8785.14,8856.59,41.84982468
01/03/2018 19:00,1519927200,8840,8925,8856.59,8920.44,56.91523853
01/03/2018 20:00,1519930800,8861.4,8929.9,8920.43,8880.22,50.33000707
01/03/2018 21:00,1519934400,8870,8975,8880.22,8970.12,77.72360028
01/03/2018 22:00,1519938000,8841.09,8977,8970.12,8910.9,78.54836664
01/03/2018 23:00,1519941600,8802,8919.97,8910.9,8919.97,58.41977292
02/03/2018 00:00,1519945200,8877.29,8935,8919.97,8885.01,33.7289862
02/03/2018 01:00,1519948800,8885.01,8968,8885.01,8968,32.97081664
02/03/2018 02:00,1519952400,8939.98,9054,8968,9053.99,54.01985163
02/03/2018 03:00,1519956000,8983.47,9054,9054,8985.1,20.95052748
02/03/2018 04:00,1519959600,8985.1,9040.05,8985.1,9020,9.53185897
02/03/2018 05:00,1519963200,8941.55,9050,9020,8974.96,19.25796976
02/03/2018 06:00,1519966800,8920,9000,8974.96,8965,16.98566405
02/03/2018 07:00,1519970400,8965.01,9049,8965.01,9031.22,26.41257382
02/03/2018 08:00,1519974000,9020,9054,9031.23,9024.37,43.40198694
02/03/2018 09:00,1519977600,9020.23,9051,9024.37,9043.92,42.58228246
02/03/2018 10:00,1519981200,8852.1,9049.34,9043.92,8874.29,76.22136348
02/03/2018 11:00,1519984800,8824,8939.89,8874.29,8895.01,57.87366203
02/03/2018 12:00,1519988400,8827,8895.01,8895,8870.01,38.2455504
02/03/2018 13:00,1519992000,8870,8957,8870,8949,40.97420898
02/03/2018 14:00,1519995600,8900,8983,8949,8919.84,33.60869609
02/03/2018 15:00,1519999200,8768.46,8937.59,8919.84,8782.49,91.73229856
1519743600,8530,8700,8693.91,8633.66,104.08142331000035
1519747200,8633.65,8700,8633.66,8694.5,52.420381639999974
1519750800,8645,8694.51,8694.51,8650,49.631448300000045
1519754400,8650,8710,8650,8704.8,36.96454735000014
1519758000,8704.8,8790,8704.8,8763.01,48.31461057999993
1519761600,8700,8780,8763.01,8744.99,41.66445947000003
1519765200,8724.34,8794.8,8744.99,8775.09,43.61769365000008
1519768800,8755,8797,8775.09,8781.99,53.643356480000065
1519772400,8601.34,8782,8782,8611,34.26443917000003
1519776000,8609.92,8734.68,8611,8702.87,20.33233856999998
1519779600,8702.86,8742.57,8702.86,8742,7.836735639999986
1519783200,8738.34,8783.99,8741.99,8750.25,9.775542259999993
1519786800,8740,8898.8,8750.25,8872.75,30.34659781000002
1519790400,8872.74,8948.62,8872.75,8904.71,24.450045750000026
1519794000,8904.6,8949.64,8904.7,8944.71,16.819510809999972
1519797600,8856.3,9041.13,8944.72,8871.49,87.81490922
1519801200,8737.28,8890,8871.5,8817.52,76.00375287000007
1519804800,8524,8876.34,8817.52,8571.12,67.23860072999989
1519808400,8570,8737,8584.8,8684.01,88.94737207000038
1519812000,8603,8707,8684,8658.03,48.734009779999994
1519815600,8612.01,8707,8658.02,8668.19,34.887808660000054
1519819200,8510.01,8684,8662.5,8520,64.91862156000009
1519822800,8501.66,8597.5,8519.99,8591.01,54.98675469000007
1519826400,8557.29,8664.09,8583.6,8634.95,57.798390600000026
1519830000,8595.9,8676.99,8634.94,8629.99,41.93226345000004
1519833600,8540.1,8650,8629.99,8545,40.95366140000002
1519837200,8507.5,8600.98,8545,8560.79,36.293142810000035
1519840800,8560.78,8656.61,8560.78,8602.39,38.280159650000016
1519844400,8594.5,8643.99,8602.39,8643.98,35.11421069000006
1519848000,8643.99,8763.07,8643.99,8753.64,56.89577634999991
1519851600,8674.86,8787,8753.65,8685.9,52.772046219999936
1519855200,8557.29,8691.76,8685.9,8564.5,42.82256980000002
1519858800,8429.99,8597.01,8559.01,8469.99,65.33439442999993
1519862400,8412.47,8544.03,8470,8544.03,40.76455613000002
1519866000,8459.71,8544.03,8544.03,8539.6,10.574861169999997
1519869600,8459.28,8565.01,8542.49,8459.29,10.802496309999997
1519873200,8449.44,8494.2,8459.29,8483.87,12.06282526999999
1519876800,8483.87,8580,8483.87,8553.32,12.94182915999999
1519880400,8507.23,8570.34,8554.18,8549.19,13.645372769999982
1519884000,8500,8549.18,8549.18,8519.99,23.874815659999996
1519887600,8520,8664,8520,8658.99,34.91525457999999
1519891200,8658.98,8727.7,8658.99,8706.97,53.10069805000005
1519894800,8660.53,8706.97,8706.96,8681.01,35.27415623000007
1519898400,8678.78,8789.59,8681.02,8789.58,54.951347320000025
1519902000,8724,8790,8789.58,8728.42,42.6872601200001
1519905600,8708.2,8770,8728.43,8708.2,42.207877370000006
1519909200,8711.95,8838.4,8711.95,8820.01,57.53482142999996
1519912800,8800,8839,8820,8826.27,41.863697179999996
1519916400,8750,8826.27,8826.27,8797,43.14494077999996
1519920000,8772.1,8810.73,8797,8785.14,26.632310420000078
1519923600,8762.7,8860,8785.14,8856.59,41.84982468000011
1519927200,8840,8925,8856.59,8920.44,56.91523852999995
1519930800,8861.4,8929.9,8920.43,8880.22,50.3300070699999
1519934400,8870,8975,8880.22,8970.12,77.72360028000023
1519938000,8841.09,8977,8970.12,8910.9,78.54836664000075
1519941600,8802,8919.97,8910.9,8919.97,58.41977292000008
1519945200,8877.29,8935,8919.97,8885.01,33.72898620000007
1519948800,8885.01,8968,8885.01,8968,32.970816640000024
1519952400,8939.98,9054,8968,9053.99,54.01985162999992
1519956000,8983.47,9054,9054,8985.1,20.950527479999987
1519959600,8985.1,9040.05,8985.1,9020,9.531858969999991
1519963200,8941.55,9050,9020,8974.96,19.25796976
1519966800,8920,9000,8974.96,8965,16.985664049999997
1519970400,8965.01,9049,8965.01,9031.22,26.412573820000045
1519974000,9020,9054,9031.23,9024.37,43.401986940000036
1519977600,9020.23,9051,9024.37,9043.92,42.58228246000004
1519981200,8852.1,9049.34,9043.92,8874.29,76.22136348000015
1519984800,8824,8939.89,8874.29,8895.01,57.87366202999994
1519988400,8827,8895.01,8895,8870.01,38.24555040000011
1519992000,8870,8957,8870,8949,40.97420898000003
1519995600,8900,8983,8949,8919.84,33.60869609000002
1519999200,8768.46,8937.59,8919.84,8782.49,91.73229856000016
1519743600,8530,8700,8693.91,8633.66,104.08142331000035
1519747200,8633.65,8700,8633.66,8694.5,52.420381639999974
1519750800,8645,8694.51,8694.51,8650,49.631448300000045
1519754400,8650,8710,8650,8704.8,36.96454735000014
1519758000,8704.8,8790,8704.8,8763.01,48.31461057999993
1519761600,8700,8780,8763.01,8744.99,41.66445947000003
1519765200,8724.34,8794.8,8744.99,8775.09,43.61769365000008
1519768800,8755,8797,8775.09,8781.99,53.643356480000065
1519772400,8601.34,8782,8782,8611,34.26443917000003
1519776000,8609.92,8734.68,8611,8702.87,20.33233856999998
1519779600,8702.86,8742.57,8702.86,8742,7.836735639999986
1519783200,8738.34,8783.99,8741.99,8750.25,9.775542259999993
1519786800,8740,8898.8,8750.25,8872.75,30.34659781000002
1519790400,8872.74,8948.62,8872.75,8904.71,24.450045750000026
1519794000,8904.6,8949.64,8904.7,8944.71,16.819510809999972
1519797600,8856.3,9041.13,8944.72,8871.49,87.81490922
1519801200,8737.28,8890,8871.5,8817.52,76.00375287000007
1519804800,8524,8876.34,8817.52,8571.12,67.23860072999989
1519808400,8570,8737,8584.8,8684.01,88.94737207000038
1519812000,8603,8707,8684,8658.03,48.734009779999994
1519815600,8612.01,8707,8658.02,8668.19,34.887808660000054
1519819200,8510.01,8684,8662.5,8520,64.91862156000009
1519822800,8501.66,8597.5,8519.99,8591.01,54.98675469000007
1519826400,8557.29,8664.09,8583.6,8634.95,57.798390600000026
1519830000,8595.9,8676.99,8634.94,8629.99,41.93226345000004
1519833600,8540.1,8650,8629.99,8545,40.95366140000002
1519837200,8507.5,8600.98,8545,8560.79,36.293142810000035
1519840800,8560.78,8656.61,8560.78,8602.39,38.280159650000016
1519844400,8594.5,8643.99,8602.39,8643.98,35.11421069000006
1519848000,8643.99,8763.07,8643.99,8753.64,56.89577634999991
1519851600,8674.86,8787,8753.65,8685.9,52.772046219999936
1519855200,8557.29,8691.76,8685.9,8564.5,42.82256980000002
1519858800,8429.99,8597.01,8559.01,8469.99,65.33439442999993
1519862400,8412.47,8544.03,8470,8544.03,40.76455613000002
1519866000,8459.71,8544.03,8544.03,8539.6,10.574861169999997
1519869600,8459.28,8565.01,8542.49,8459.29,10.802496309999997
1519873200,8449.44,8494.2,8459.29,8483.87,12.06282526999999
1519876800,8483.87,8580,8483.87,8553.32,12.94182915999999
1519880400,8507.23,8570.34,8554.18,8549.19,13.645372769999982
1519884000,8500,8549.18,8549.18,8519.99,23.874815659999996
1519887600,8520,8664,8520,8658.99,34.91525457999999
1519891200,8658.98,8727.7,8658.99,8706.97,53.10069805000005
1519894800,8660.53,8706.97,8706.96,8681.01,35.27415623000007
1519898400,8678.78,8789.59,8681.02,8789.58,54.951347320000025
1519902000,8724,8790,8789.58,8728.42,42.6872601200001
1519905600,8708.2,8770,8728.43,8708.2,42.207877370000006
1519909200,8711.95,8838.4,8711.95,8820.01,57.53482142999996
1519912800,8800,8839,8820,8826.27,41.863697179999996
1519916400,8750,8826.27,8826.27,8797,43.14494077999996
1519920000,8772.1,8810.73,8797,8785.14,26.632310420000078
1519923600,8762.7,8860,8785.14,8856.59,41.84982468000011
1519927200,8840,8925,8856.59,8920.44,56.91523852999995
1519930800,8861.4,8929.9,8920.43,8880.22,50.3300070699999
1519934400,8870,8975,8880.22,8970.12,77.72360028000023
1519938000,8841.09,8977,8970.12,8910.9,78.54836664000075
1519941600,8802,8919.97,8910.9,8919.97,58.41977292000008
1519945200,8877.29,8935,8919.97,8885.01,33.72898620000007
1519948800,8885.01,8968,8885.01,8968,32.970816640000024
1519952400,8939.98,9054,8968,9053.99,54.01985162999992
1519956000,8983.47,9054,9054,8985.1,20.950527479999987
1519959600,8985.1,9040.05,8985.1,9020,9.531858969999991
1519963200,8941.55,9050,9020,8974.96,19.25796976
1519966800,8920,9000,8974.96,8965,16.985664049999997
1519970400,8965.01,9049,8965.01,9031.22,26.412573820000045
1519974000,9020,9054,9031.23,9024.37,43.401986940000036
1519977600,9020.23,9051,9024.37,9043.92,42.58228246000004
1519981200,8852.1,9049.34,9043.92,8874.29,76.22136348000015
1519984800,8824,8939.89,8874.29,8895.01,57.87366202999994
1519988400,8827,8895.01,8895,8870.01,38.24555040000011
1519992000,8870,8957,8870,8949,40.97420898000003
1519995600,8900,8983,8949,8919.84,33.60869609000002
1519999200,8768.46,8937.59,8919.84,8782.49,91.73229856000016
